<?xml version="1.0" encoding="UTF-8"?>
<!DOCTYPE mapper
 PUBLIC "-//mybatis.org//DTD Mapper 3.0//EN"
 "https://mybatis.org/dtd/mybatis-3-mapper.dtd">
 
<mapper namespace="User">
	<select id="checkId" parameterType="string"  resultType="_int">
	 	SELECT count(*) FROM TBL_USER tu  WHERE USERID = #{userid}
	</select>
	
	<insert id="join" parameterType="com.koreait.web.beans.UserBean">
		INSERT INTO TBL_USER 
			VALUES(#{userid}, #{userpw}, #{username}, #{usergender}, #{userphone},
					#{zipcode},#{addr},#{addrdetail},#{addretc} )
	</insert>
	
	<select id="login" parameterType="hashmap" resultType="com.koreait.web.beans.UserBean">
		SELECT * FROM TBL_USER tu  WHERE USERID = #{userid} AND userpw = #{userpw}
	</select>
	
	<select id="searchById" parameterType="string" resultType="com.koreait.web.beans.UserBean">
		SELECT * FROM TBL_USER tu  WHERE USERID = #{userid}
	</select>
	
</mapper>